0,0,0,0
1,1,0,1
2,2,0,2
3,0,0,3
2,1,0,4
4,1,0,4
5,3,0,5
6,0,0,6
7,0,0,7
7,0,0,8
8,0,0,8
9,0,0,9
7,0,0,10
7,0,0,11
6,0,0,5
10,0,0,11
11,0,0,12
7,0,0,8
7,0,0,13
12,4,0,6
6,2,0,14
7,0,0,1
7,0,0,12
7,0,0,7
13,0,0,15
7,0,0,8
14,0,0,10
15,3,0,1
7,0,0,4
7,0,0,3
16,1,0,15
6,0,0,16
7,0,0,11
7,0,0,10
7,0,0,7
6,2,0,9
17,3,0,4
18,2,0,2
7,0,0,10
19,0,0,17
6,2,0,2
20,3,0,18
21,1,0,9
7,0,0,11
22,0,0,10
23,0,0,0
7,0,0,19
24,3,0,0
25,0,0,2
26,0,0,2
7,0,0,9
7,0,0,20
6,0,0,1
27,1,0,8
28,1,0,1
24,1,0,17
29,1,0,11
6,2,0,9
7,0,0,0
7,0,0,17
30,0,0,4
7,0,0,5
6,2,0,2
7,0,0,4
31,1,0,11
6,0,0,14
19,2,0,11
7,0,0,3
32,2,0,16
14,2,0,12
33,1,0,5
31,0,0,9
23,0,0,1
2,1,0,20
34,1,0,2
35,0,0,12
0,0,0,1
8,0,0,8
7,0,0,16
36,0,0,10
7,0,0,19
37,1,0,4
7,0,0,0
6,2,0,13
7,0,0,11
24,0,0,14
7,0,0,2
38,0,0,10
21,3,0,2
6,0,0,16
34,0,0,20
2,0,0,0
39,0,0,0
7,0,0,14
18,0,0,17
7,0,0,7
7,0,0,1
40,0,0,4
3,2,0,13
7,0,0,7
41,3,0,5
6,2,0,2
34,0,0,10
42,1,0,2
19,2,0,11
7,0,0,3
7,0,0,9
26,1,0,18
43,0,0,10
24,0,0,7
7,0,0,8
4,0,0,5
7,0,0,11
7,0,0,12
44,0,0,5
6,2,0,2
8,0,0,7
7,0,0,12
7,0,0,20
45,3,0,8
46,1,0,20
47,3,0,1
6,0,0,16
38,0,0,1
48,1,0,14
42,0,0,20
7,0,0,0
49,0,0,1
7,0,0,7
50,0,0,4
7,0,0,0
40,2,0,16
51,1,0,14
43,4,0,3
48,0,0,7
7,0,0,4
6,0,0,18
38,1,0,2
8,2,0,2
8,2,0,2
7,0,0,1
7,0,0,0
7,0,0,14
52,0,0,8
39,2,0,19
6,0,0,13
7,0,0,9
53,0,0,20
4,0,0,2
6,2,0,2
6,2,0,2
54,0,0,19
50,0,0,1
8,2,0,2
6,0,0,20
7,0,0,13
39,2,0,20
55,0,0,2
56,2,0,20
57,0,0,13
22,2,0,20
7,0,0,16
7,0,0,19
27,1,0,14
25,4,0,18
58,0,0,7
7,0,0,8
7,0,0,16
6,0,0,16
59,1,0,16
7,0,0,11
53,4,0,10
7,0,0,10
7,0,0,11
6,0,0,16
28,0,0,8
35,0,0,16
6,0,0,7
6,0,0,3
28,0,0,11
7,0,0,8
60,0,0,17
61,0,0,2
7,0,0,10
27,1,0,17
62,1,0,12
7,0,0,16
29,0,0,4
8,0,0,18
7,0,0,13
63,2,0,7
64,3,0,16
7,0,0,15
6,0,0,7
6,0,0,2
59,1,0,8
8,2,0,7
7,0,0,9
65,0,0,18
66,4,0,16
6,2,0,1
7,0,0,6
7,0,0,16
8,0,0,8
51,0,0,1
67,1,0,1
6,0,0,1
7,0,0,17
7,0,0,11
7,0,0,2
24,0,0,10
68,0,0,7
69,0,0,13
6,2,0,18
7,0,0,14
43,0,0,10
19,2,0,11
7,0,0,10
6,0,0,6
7,0,0,7
6,0,0,16
7,0,0,15
22,3,0,2
56,3,0,17
7,0,0,14
7,0,0,17
68,0,0,2
6,0,0,2
7,0,0,18
70,3,0,4
8,2,0,4
7,0,0,15
47,0,0,3
7,0,0,14
16,0,0,1
41,1,0,11
7,0,0,20
7,0,0,16
16,0,0,10
8,2,0,4
8,2,0,2
6,2,0,2
7,3,0,14
7,0,0,13
7,0,0,4
8,2,0,4
6,0,0,17
63,0,0,19
8,2,0,2
50,0,0,12
8,2,0,4
20,0,0,11
6,0,0,2
70,0,0,18
16,0,0,14
6,0,0,16
59,0,0,1
51,0,0,1
6,0,0,2
71,0,0,20
8,0,0,19
7,0,0,0
6,2,0,9
11,3,0,19
72,3,0,10
7,0,0,10
21,0,0,1
7,0,0,0
6,0,0,15
73,0,0,19
6,2,0,2
7,0,0,15
8,0,0,8
26,0,0,8
48,0,0,15
74,0,0,10
7,0,0,12
75,0,0,0
8,2,0,4
76,0,0,17
7,0,0,11
8,2,0,18
8,0,0,19
7,0,0,0
7,0,0,11
8,0,0,7
72,1,0,18
77,5,0,20
7,0,0,4
7,0,0,17
38,0,0,15
26,0,0,17
5,1,0,8
7,0,0,2
38,1,0,8
6,0,0,3
78,1,0,4
7,0,0,8
16,0,0,19
8,0,0,18
4,0,0,14
7,0,0,1
32,4,0,2
10,0,0,5
6,0,0,6
7,0,0,5
79,0,0,13
6,2,0,7
7,0,0,3
8,2,0,4
7,0,0,17
9,1,0,8
24,0,0,2
78,0,0,6
80,4,0,4
6,0,0,5
81,1,0,13
6,0,0,0
19,0,0,17
59,0,0,5
19,2,0,11
6,2,0,2
7,0,0,19
7,0,0,0
6,0,0,17
7,0,0,13
20,4,0,18
7,0,0,2
7,0,0,20
40,2,0,16
36,1,0,20
7,0,0,3
7,0,0,3
82,3,0,7
83,0,0,15
80,1,0,1
2,1,0,1
7,0,0,8
6,0,0,14
6,3,0,3
7,0,0,17
84,0,0,12
8,0,0,8
6,0,0,16
34,0,0,2
48,0,0,0
6,2,0,2
7,0,0,2
8,3,0,8
18,3,0,2
48,0,0,12
23,2,0,18
7,0,0,12
7,0,0,10
48,1,0,13
40,1,0,8
24,1,0,2
23,3,0,1
7,0,0,12
6,2,0,0
85,1,0,10
86,0,0,14
18,1,0,16
45,0,0,20
43,2,0,10
7,0,0,4
7,0,0,11
24,0,0,10
87,0,0,13
7,0,0,6
7,0,0,19
7,0,0,1
56,0,0,7
88,0,0,8
35,0,0,12
33,1,0,16
68,0,0,3
6,0,0,2
7,0,0,12
26,0,0,2
89,0,0,1
6,0,0,17
62,0,0,1
85,0,0,5
7,0,0,20
6,0,0,2
17,0,0,11
7,0,0,12
75,0,0,0
6,2,0,2
7,0,0,15
33,0,0,7
6,0,0,1
7,0,0,16
74,1,0,15
5,0,0,10
7,0,0,16
7,0,0,9
90,2,0,4
7,0,0,6
59,0,0,9
25,0,0,12
7,0,0,17
7,0,0,10
29,0,0,17
7,0,0,5
2,0,0,7
7,0,0,7
40,1,0,18
7,0,0,7
50,0,0,2
88,1,0,8
91,0,0,4
7,0,0,1
74,0,0,12
3,0,0,16
7,0,0,20
6,0,0,9
7,0,0,5
30,2,0,20
58,0,0,1
92,3,0,20
7,0,0,0
8,2,0,19
30,0,0,7
4,0,0,10
6,0,0,9
7,0,0,4
22,4,0,11
52,0,0,5
8,0,0,4
25,0,0,11
6,0,0,16
7,0,0,6
7,0,0,8
7,0,0,18
7,0,0,4
93,0,0,0
27,1,0,14
94,1,0,2
48,0,0,5
7,0,0,0
39,0,0,18
83,1,0,19
8,0,0,8
7,0,0,10
95,0,0,10
7,0,0,1
15,1,0,1
7,0,0,7
7,0,0,8
51,0,0,7
57,0,0,7
7,0,0,7
7,0,0,19
7,0,0,19
7,0,0,4
96,0,0,13
62,0,0,12
32,0,0,1
7,0,0,11
8,2,0,2
7,0,0,17
29,2,0,17
31,0,0,7
7,0,0,18
6,0,0,3
7,0,0,14
7,0,0,2
6,0,0,3
28,0,0,8
30,0,0,17
6,0,0,17
59,0,0,0
6,1,0,16
7,0,0,4
7,0,0,5
7,0,0,6
8,2,0,2
33,0,0,2
6,3,0,2
7,0,0,14
7,0,0,6
6,3,0,17
6,0,0,20
7,0,0,1
42,3,0,11
6,2,0,2
7,0,0,18
77,0,0,11
9,3,0,0
6,0,0,5
7,0,0,10
31,1,0,20
97,3,0,20
35,0,0,1
25,1,0,20
23,0,0,12
16,0,0,17
7,0,0,0
34,1,0,2
52,5,0,11
64,0,0,18
7,0,0,17
35,0,0,1
7,0,0,10
98,0,0,0
7,0,0,13
19,0,0,17
6,2,0,2
7,0,0,14
6,2,0,2
7,0,0,7
66,3,0,4
31,1,0,19
52,1,0,8
6,0,0,7
6,0,0,0
27,0,0,13
4,0,0,14
53,1,0,16
6,0,0,1
19,3,0,11
7,0,0,6
7,0,0,4
18,0,0,2
80,0,0,1
51,0,0,12
7,0,0,17
7,0,0,5
52,4,0,18
99,0,0,1
7,0,0,8
6,1,0,17
7,0,0,10
7,0,0,7
19,2,0,11
53,0,0,14
59,0,0,14
6,3,0,18
6,0,0,17
7,0,0,8
48,0,0,19
63,0,0,19
40,0,0,6
19,2,0,11
7,0,0,1
6,2,0,9
6,0,0,3
19,2,0,11
6,2,0,2
30,1,0,4
31,0,0,20
74,3,0,1
6,2,0,2
38,1,0,17
91,0,0,6
49,3,0,12
7,0,0,11
6,0,0,5
53,0,0,19
88,0,0,1
7,0,0,1
7,0,0,7
7,0,0,13
6,0,0,7
58,0,0,3
100,0,0,0
7,0,0,7
101,3,0,18
7,0,0,12
7,0,0,7
102,3,0,18
6,0,0,17
18,0,0,3
23,1,0,2
47,3,0,5
7,0,0,18
98,2,0,17
7,0,0,6
19,2,0,11
49,0,0,6
62,0,0,1
7,0,0,14
58,0,0,2
7,0,0,10
103,0,0,6
25,1,0,2
74,0,0,17
7,0,0,1
91,3,0,9
7,0,0,4
7,0,0,7
7,0,0,1
7,0,0,1
7,0,0,12
6,0,0,17
7,0,0,12
7,0,0,8
27,0,0,19
55,0,0,14
6,2,0,2
6,0,0,13
7,0,0,11
104,0,0,2
24,0,0,5
7,0,0,13
8,0,0,4
7,0,0,2
7,0,0,7
6,0,0,9
16,0,0,9
16,3,0,3
20,3,0,1
6,0,0,5
49,1,0,2
28,0,0,8
7,0,0,1
6,2,0,2
79,3,0,5
7,0,0,7
105,0,0,2
7,0,0,0
7,0,0,3
17,3,0,1
59,0,0,6
35,0,0,16
106,0,0,11
33,1,0,7
7,0,0,13
102,1,0,20
80,4,0,4
8,0,0,8
7,0,0,13
7,0,0,3
22,0,0,7
7,0,0,8
7,0,0,6
6,2,0,2
6,0,0,5
18,3,0,9
50,2,0,5
51,0,0,12
71,0,0,0
6,2,1,2
79,0,1,15
11,0,1,12
7,0,1,10
4,2,1,4
7,0,1,3
55,0,1,14
11,1,1,7
79,2,1,10
69,0,1,18
30,1,1,15
7,0,1,20
46,0,1,20
89,3,1,17
74,0,1,10
50,3,1,11
62,4,1,1
7,0,1,3
6,0,1,3
7,0,1,18
74,1,1,2
55,2,1,1
7,0,1,0
7,0,1,8
6,2,1,3
8,2,1,2
93,0,1,3
7,0,1,2
7,0,1,18
6,0,1,2
7,0,1,7
107,0,1,20
75,1,1,17
24,3,1,0
19,2,1,11
27,0,1,17
7,0,1,3
6,2,1,2
7,0,1,18
49,1,1,2
35,3,1,7
107,0,1,2
108,4,1,19
7,0,1,2
109,3,1,13
36,2,1,1
41,0,1,1
7,0,1,7
90,0,1,7
40,2,1,13
36,0,1,7
7,0,1,2
52,0,1,16
7,0,1,16
15,0,1,14
7,0,1,14
27,3,1,17
7,0,1,18
7,0,1,18
79,0,1,10
11,0,1,0
7,0,1,5
7,0,1,15
50,3,1,0
7,0,1,6
7,0,1,4
7,0,1,2
41,0,1,8
6,3,1,17
27,0,1,3
7,0,1,12
7,0,1,12
7,0,1,20
100,3,1,11
6,0,1,2
7,0,1,1
108,0,1,20
7,0,1,8
75,1,1,17
39,2,1,2
7,0,1,11
7,0,1,2
22,2,1,1
24,0,1,1
37,0,1,20
62,0,1,5
34,0,1,2
7,0,1,7
52,0,1,8
3,3,1,18
62,1,1,17
33,1,1,14
7,0,1,0
7,0,1,7
7,0,1,6
7,0,1,6
7,0,1,6
7,0,1,1
47,3,1,12
59,0,1,1
6,0,1,7
6,1,1,6
7,0,1,20
13,3,1,0
73,0,1,11
6,2,1,13
83,0,1,10
28,0,1,8
9,0,1,1
7,0,1,16
33,3,1,15
48,1,1,13
31,0,1,3
7,0,1,3
9,0,1,5
26,0,1,2
110,0,1,10
7,0,1,11
7,0,1,20
7,0,1,1
7,0,1,4
7,0,1,7
7,0,1,13
6,2,1,2
37,2,1,2
4,3,1,10
111,1,1,17
52,0,1,10
7,0,1,18
79,0,1,1
21,0,1,17
39,0,1,14
40,0,1,20
6,2,1,2
42,2,1,6
4,4,1,10
18,0,1,1
7,0,1,5
7,0,1,5
7,0,1,19
7,0,1,14
31,0,1,1
7,0,1,4
62,1,1,0
7,0,1,10
7,0,1,7
97,0,1,2
7,0,1,14
40,2,1,2
45,3,1,3
107,3,1,13
103,0,1,1
112,2,1,16
82,0,1,1
111,1,1,15
8,2,1,2
24,3,1,1
7,0,1,19
113,0,1,1
35,0,1,3
6,0,1,18
19,3,1,11
53,0,1,17
7,0,1,0
83,3,1,13
62,1,1,1
114,0,1,5
7,0,1,1
6,0,1,16
7,0,1,1
6,0,1,17
25,1,1,9
7,0,1,17
6,2,1,7
7,0,1,17
54,0,1,8
7,0,1,18
20,0,1,1
7,0,1,3
47,0,1,4
7,0,1,7
115,0,1,2
7,0,1,16
19,0,1,11
4,2,1,3
7,0,1,19
47,3,1,2
6,3,1,7
8,0,1,4
6,0,1,12
73,1,1,2
7,0,1,8
7,0,1,12
102,1,1,9
72,2,1,0
12,1,1,2
3,3,1,5
34,1,1,8
7,0,1,7
7,0,1,12
7,0,1,18
6,0,1,16
7,0,1,8
37,3,1,14
6,3,1,5
7,0,1,3
108,0,1,10
7,0,1,3
81,1,1,1
7,0,1,10
18,0,1,5
7,0,1,14
7,0,1,18
7,0,1,12
8,0,1,8
8,3,1,18
7,0,1,1
24,1,1,2
11,3,1,9
6,0,1,17
116,0,1,1
51,0,1,17
18,0,1,17
83,1,1,13
7,0,1,17
6,2,1,20
16,2,1,19
42,0,1,5
8,0,1,8
7,0,1,7
81,1,1,2
6,2,1,2
7,0,1,2
11,1,1,1
7,0,1,13
7,0,1,19
6,0,1,2
69,3,1,18
6,2,1,2
7,0,1,2
7,0,1,7
7,0,1,14
23,0,1,8
51,1,1,13
6,0,1,16
100,0,1,1
79,1,1,6
7,0,1,0
74,1,1,14
7,0,1,10
86,2,1,2
6,2,1,5
61,3,1,15
9,0,1,20
7,0,1,5
7,0,1,0
7,0,1,4
63,1,1,2
19,0,1,11
64,3,1,20
52,0,1,1
43,0,1,10
7,0,1,8
36,0,1,3
19,2,1,11
7,0,1,11
7,0,1,15
6,0,1,7
7,0,1,12
7,0,1,17
7,0,1,2
56,1,1,2
7,0,1,12
7,0,1,17
8,2,1,2
7,0,1,18
117,6,1,16
6,3,1,16
7,0,1,19
55,2,1,9
24,1,1,10
7,0,1,3
7,0,1,4
45,0,1,1
7,0,1,20
49,1,1,0
7,0,1,8
8,0,1,7
77,0,1,8
50,1,1,0
7,0,1,2
45,1,1,2
38,3,1,17
39,0,1,0
6,2,1,2
56,3,1,1
7,0,1,13
7,0,1,8
37,0,1,1
19,0,1,11
78,0,1,15
118,4,1,5
29,0,1,11
7,0,1,5
7,0,1,18
1,3,1,4
21,1,1,8
7,0,1,20
7,0,1,1
56,0,1,8
6,0,1,10
7,0,1,10
7,0,1,14
7,0,1,2
50,0,1,12
27,0,1,1
6,0,1,7
7,0,1,18
62,0,1,0
52,0,1,3
102,0,1,11
77,3,1,11
6,0,1,7
6,2,1,2
75,0,1,17
97,0,1,19
12,0,1,11
40,0,1,1
23,0,1,5
62,0,1,2
45,1,1,7
40,4,1,6
40,3,1,20
7,0,1,12
7,0,1,19
26,0,1,10
27,1,1,20
63,0,1,8
28,0,1,15
21,3,1,1
7,0,1,10
35,0,1,20
7,0,1,4
58,0,1,20
55,1,1,9
48,2,1,16
6,0,1,16
64,1,1,2
26,0,1,1
7,0,1,19
7,0,1,18
6,2,1,2
40,3,1,0
6,2,1,9
31,0,1,14
102,1,1,2
64,0,1,14
6,0,1,1
19,2,1,11
21,0,1,8
88,0,1,12
20,0,1,17
7,0,1,19
7,0,1,2
7,0,1,8
119,0,1,2
55,0,1,1
7,0,1,16
6,0,1,6
49,0,1,20
79,0,1,0
7,0,1,11
38,0,1,3
102,0,1,20
16,0,1,5
7,0,1,2
7,0,1,15
20,1,1,20
107,2,1,0
6,2,1,2
72,1,1,20
7,0,1,13
47,0,1,19
45,1,1,19
19,0,1,17
112,0,1,13
6,2,1,2
6,2,1,2
22,3,1,12
6,2,1,2
7,0,1,9
7,0,1,1
16,0,1,17
7,0,1,12
8,1,1,18
0,3,1,13
6,0,1,1
59,0,1,17
20,2,1,20
27,0,1,2
7,0,1,6
7,0,1,13
8,0,1,7
7,0,1,1
49,0,1,17
4,1,1,14
7,0,1,18
43,0,1,13
97,3,1,10
7,0,1,11
28,0,1,15
31,1,1,4
41,0,1,11
7,0,1,1
2,1,1,17
55,0,1,13
65,0,1,11
7,0,1,5
7,0,1,12
103,3,1,16
83,1,1,11
7,0,1,2
95,3,1,14
6,0,1,20
6,0,1,18
6,0,1,7
98,0,1,4
7,0,1,0
7,0,1,13
39,0,1,0
19,2,1,11
34,0,1,1
7,0,1,10
7,0,1,8
6,2,1,14
72,3,1,17
42,0,1,13
6,3,1,5
8,3,1,18
23,0,1,17
19,0,1,17
29,0,1,12
6,2,1,2
116,0,1,1
7,0,1,15
54,3,1,2
7,0,1,10
35,0,1,6
27,0,1,20
6,0,1,2
6,2,1,2
7,0,1,13
68,0,1,1
6,2,1,2
88,2,1,1
57,0,1,1
7,0,1,4
4,0,1,2
19,0,1,11
24,1,1,15
6,2,1,2
6,2,1,2
39,0,1,3
6,0,1,5
7,0,1,19
7,0,1,11
7,0,1,10
4,1,1,19
7,0,1,16
32,0,1,7
21,0,1,19
6,1,1,3
26,0,1,20
6,0,1,16
91,1,1,2
7,0,1,2
7,0,1,11
42,0,1,14
48,0,1,20
45,0,1,8
100,0,1,14
40,0,1,9
1,0,1,14
20,1,1,14
120,1,1,7
12,0,1,19
55,0,1,20
8,0,1,4
55,1,1,2
121,3,1,19
11,0,1,13
8,0,1,19
57,0,1,1
7,0,1,17
6,2,1,2
7,0,1,16
12,0,1,12
20,0,1,14
7,0,1,19
7,0,1,1
27,0,1,6
98,0,1,1
6,1,1,3
7,0,1,13
2,1,1,0
7,0,1,1
7,0,1,10
6,0,1,5
7,0,1,3
31,1,1,12
7,0,1,12
51,2,1,20
7,0,1,14
6,2,1,14
61,3,1,16
2,0,1,14
8,3,1,4
7,0,1,0
94,3,1,17
78,0,1,11
7,0,1,18
23,0,1,2
7,0,1,12
7,0,1,6
6,0,1,16
19,1,1,11
27,0,1,17
6,3,1,1
122,3,1,11
116,3,1,1
7,0,1,5
0,0,1,7
11,0,1,7
6,0,1,15
28,0,1,20
7,0,1,10
80,0,1,2
19,2,1,11
7,0,1,10
7,0,1,1
7,0,1,14
6,0,1,12
123,0,1,16
6,0,1,17
7,0,1,6
73,3,1,1
35,2,1,17
7,0,1,19
6,3,1,13
7,0,1,18
14,0,1,16
18,0,1,6
23,0,1,10
7,0,1,11
58,3,1,15
7,0,1,16
6,2,1,2
7,0,1,4
7,0,1,9
7,0,1,15
47,0,1,1
6,3,1,1
8,2,1,15
50,1,1,2
6,0,1,13
7,0,1,12
7,0,1,12
7,0,1,11
7,0,1,19
6,0,1,9
6,0,1,9
7,0,1,18
6,0,1,2
7,0,1,19
7,0,1,10
7,0,1,10
28,0,1,10
6,3,1,18
30,3,1,9
6,0,1,15
7,0,1,8
43,0,1,1
6,0,1,15
6,0,1,10
16,0,1,20
26,0,1,2
81,3,1,14
6,2,1,2
7,0,1,4
8,0,1,7
113,3,1,0
6,0,1,0
8,0,1,7
107,0,1,11
100,7,1,17
7,3,1,17
50,3,1,20
94,0,1,5
6,0,1,13
6,3,1,17
6,0,1,2
7,0,1,8
6,3,1,13
8,2,1,2
6,2,1,9
72,0,1,15
102,0,1,18
7,0,1,11
6,0,1,3
100,0,1,20
7,0,1,6
6,0,1,9
6,1,1,6
8,2,1,2
21,2,1,1
7,0,1,12
100,2,1,15
7,0,1,14
1,1,1,5
7,0,1,0
7,0,1,18
7,0,1,10
7,0,1,14
124,0,1,2
16,1,1,17
6,2,1,2
7,0,1,16
31,0,1,18
7,0,1,6
48,0,1,12
31,0,1,2
6,0,1,17
6,0,1,1
22,1,1,2
8,0,1,8
45,0,1,7
102,0,1,16
107,0,1,11
78,1,1,15
6,0,2,9
125,1,2,12
7,0,2,0
126,0,2,17
47,0,2,12
8,0,2,2
6,2,2,2
50,0,2,11
7,0,2,18
6,2,2,13
50,0,2,16
8,2,2,2
102,0,2,17
36,0,2,0
7,0,2,0
19,0,2,17
6,3,2,20
7,0,2,15
8,0,2,8
42,0,2,1
6,0,2,1
18,0,2,14
8,0,2,4
77,1,2,19
7,0,2,17
6,0,2,6
7,0,2,9
6,0,2,5
8,0,2,0
7,0,2,1
7,0,2,10
44,2,2,10
7,0,2,20
79,1,2,8
7,0,2,0
6,0,2,16
8,2,2,2
7,0,2,11
47,2,2,20
53,3,2,9
7,0,2,2
20,2,2,14
6,2,2,2
7,0,2,15
19,2,2,11
127,3,2,5
6,2,2,2
7,0,2,12
8,0,2,4
7,0,2,3
8,2,2,6
8,0,2,8
95,0,2,14
7,0,2,1
64,0,2,8
28,0,2,7
19,2,2,11
7,0,2,14
7,0,2,4
7,0,2,16
48,1,2,2
6,3,2,9
8,3,2,7
6,3,2,14
5,0,2,3
6,0,2,7
21,1,2,2
6,2,2,2
7,0,2,4
7,0,2,12
6,2,2,2
7,0,2,1
19,2,2,11
128,1,2,5
6,2,2,20
6,2,2,7
6,0,2,2
28,0,2,8
7,0,2,2
80,4,2,20
7,0,2,14
70,0,2,12
124,4,2,3
3,0,2,1
6,2,2,2
98,2,2,1
7,0,2,5
7,0,2,1
6,0,2,5
127,4,2,1
6,0,2,16
23,0,2,1
6,0,2,13
82,0,2,5
13,3,2,15
7,0,2,18
6,2,2,2
7,0,2,17
6,0,2,18
30,0,2,3
15,3,2,1
15,1,2,19
6,0,2,12
2,0,2,1
6,0,2,10
34,3,2,14
50,0,2,6
7,0,2,8
6,0,2,13
7,0,2,6
102,3,2,20
30,1,2,2
8,2,2,2
7,0,2,3
31,0,2,11
7,0,2,20
7,0,2,16
19,2,2,11
59,1,2,2
28,0,2,8
6,0,2,18
103,3,2,1
7,0,2,9
27,0,2,1
7,0,2,1
7,0,2,2
39,1,2,14
7,0,2,11
7,0,2,20
7,0,2,15
8,4,2,19
45,0,2,11
6,0,2,9
19,2,2,11
7,0,2,16
8,4,2,19
7,0,2,19
6,2,2,2
6,2,2,2
6,0,2,18
51,0,2,18
6,2,2,2
79,0,2,9
113,0,2,2
33,0,2,1
6,2,2,7
39,1,2,5
8,2,2,2
6,0,2,5
129,0,2,1
28,3,2,12
8,0,2,7
97,1,2,2
7,0,2,18
6,0,2,2
3,3,2,8
6,0,2,17
102,0,2,9
6,0,2,1
6,0,2,6
6,2,2,7
6,2,2,16
54,0,2,11
6,2,2,2
43,0,2,1
15,0,2,8
19,2,2,11
48,0,2,8
7,0,2,0
7,0,2,13
7,0,2,16
6,2,2,9
6,0,2,16
7,0,2,18
36,0,2,20
8,2,2,2
80,2,2,4
7,0,2,1
64,3,2,7
6,0,2,16
33,0,2,20
7,0,2,20
31,1,2,2
97,1,2,4
130,0,2,9
19,2,2,11
10,1,2,8
7,0,2,13
7,0,2,17
6,2,2,2
34,2,2,7
41,0,2,1
8,0,2,2
78,0,2,11
16,0,2,5
8,2,2,4
20,1,2,4
7,0,2,20
6,0,2,5
42,1,2,2
57,0,2,17
7,0,2,8
6,0,2,14
2,0,2,2
6,0,2,12
7,0,2,11
57,0,2,7
131,0,2,1
7,0,2,8
7,0,2,11
56,0,2,10
7,0,2,0
50,3,2,2
84,3,2,10
8,3,2,19
6,2,2,4
48,0,2,1
78,0,2,2
7,0,2,3
4,0,2,16
94,3,2,13
6,0,2,10
116,0,2,15
7,0,2,20
108,3,2,0
6,0,2,1
7,0,2,9
7,0,2,0
117,4,2,0
7,0,2,6
8,2,2,2
6,0,2,5
7,0,2,1
7,0,2,0
7,0,2,14
7,0,2,1
18,2,2,0
6,0,2,2
7,0,2,14
33,0,2,17
7,0,2,11
6,2,2,2
7,0,2,1
7,0,2,7
93,0,2,15
7,0,2,15
31,1,2,6
127,1,2,19
20,3,2,13
6,2,2,2
49,1,2,2
2,3,2,14
72,2,2,0
8,0,2,4
41,0,2,16
132,0,2,13
74,0,2,17
7,0,2,12
7,0,2,1
6,1,2,18
7,0,2,9
6,0,2,0
7,0,2,1
7,0,2,4
79,2,2,1
7,0,2,2
7,0,2,8
7,0,2,15
11,1,2,18
23,1,2,14
93,0,2,8
55,0,2,11
98,0,2,5
19,2,2,11
7,0,2,15
6,2,2,4
7,0,2,18
7,0,2,20
6,0,2,9
6,0,2,6
7,0,2,5
7,0,2,4
6,0,2,12
6,0,2,5
8,0,2,4
7,0,2,3
7,0,2,11
24,1,2,14
16,1,2,0
62,0,2,14
7,0,2,13
7,0,2,10
7,0,2,20
23,3,2,2
6,0,2,3
39,2,2,20
7,0,2,9
29,2,2,20
15,1,2,20
64,0,2,1
6,0,2,5
7,0,2,16
96,0,2,5
13,3,2,14
6,3,2,12
7,0,2,2
113,2,2,16
127,0,2,14
6,2,2,2
7,0,2,6
40,0,2,5
7,0,2,11
78,2,2,1
6,2,2,0
74,0,2,16
105,0,2,0
7,0,2,9
6,0,2,6
77,2,2,17
6,0,2,1
7,0,2,2
8,0,2,8
30,1,2,1
7,0,2,2
7,0,2,1
8,2,2,2
7,0,2,6
7,0,2,7
72,0,2,19
39,0,2,5
6,0,2,6
8,2,2,2
7,0,2,4
47,0,2,10
7,0,2,0
7,0,2,10
8,0,2,17
100,0,2,7
7,0,2,11
34,3,2,2
6,0,2,1
33,0,2,7
7,0,2,10
72,0,2,11
8,2,2,2
24,3,2,1
0,0,2,17
56,1,2,2
6,2,2,5
16,0,2,1
49,0,2,14
7,0,2,7
22,3,2,8
7,0,2,4
23,1,2,4
8,2,2,2
7,0,2,15
24,1,2,17
7,0,2,16
53,0,2,4
7,0,2,7
7,0,2,7
81,3,2,11
6,2,2,2
6,2,2,13
6,2,2,9
7,0,2,3
31,0,2,12
7,0,2,14
7,0,2,2
6,0,2,13
6,1,2,6
0,1,2,1
21,1,2,11
6,2,2,4
10,0,2,5
7,0,2,10
6,0,2,6
2,0,2,10
6,2,2,4
6,2,2,4
43,0,2,10
7,0,2,2
81,1,2,0
5,0,2,15
6,0,2,18
7,0,2,20
6,3,2,1
7,0,2,19
133,2,2,5
56,1,2,2
6,0,2,12
8,2,2,2
116,1,2,2
7,0,2,6
102,0,2,16
27,0,2,7
20,2,2,3
6,2,2,2
72,0,2,3
12,3,2,16
6,2,2,9
7,0,2,10
6,2,2,2
26,0,2,12
61,0,2,10
6,3,2,16
15,3,2,6
94,0,2,19
24,0,2,1
7,0,2,3
8,2,2,2
18,3,2,2
75,3,2,8
64,3,2,12
103,3,2,13
134,0,2,1
96,1,2,0
25,0,2,0
4,0,2,1
34,0,2,2
7,0,2,8
7,0,2,19
7,0,2,20
6,2,2,2
7,0,2,4
11,0,2,14
7,0,2,20
8,0,2,4
42,3,2,2
43,2,2,7
64,0,2,5
7,0,2,10
6,1,2,15
48,0,2,4
8,2,2,2
59,1,2,9
6,0,2,5
7,0,2,2
7,0,2,11
24,1,2,2
7,0,2,1
6,2,2,14
35,1,2,9
50,3,2,14
19,2,2,2
6,2,2,6
7,0,2,3
21,0,2,18
72,0,2,18
65,0,2,15
19,0,2,17
6,0,2,14
7,0,2,11
7,0,2,3
6,2,2,2
6,2,2,14
55,0,2,16
20,0,2,14
79,0,2,12
19,0,2,17
6,0,2,13
29,0,2,11
88,3,2,9
115,1,2,9
8,2,2,4
7,0,2,1
6,2,2,14
77,0,2,2
39,0,2,6
6,2,2,14
8,2,2,2
7,0,2,8
6,0,2,20
6,0,2,5
81,0,2,7
35,0,2,20
7,0,2,11
7,0,2,18
49,3,2,15
7,0,2,9
7,0,2,7
24,0,2,20
6,2,2,5
75,0,2,16
77,0,2,3
9,0,2,13
7,0,2,13
56,0,2,14
36,0,2,7
73,0,2,12
7,0,2,17
7,0,2,4
45,5,2,20
6,0,2,10
97,0,2,4
6,0,2,3
48,0,2,17
7,0,2,3
6,0,2,17
7,0,2,12
45,1,2,12
3,1,2,5
19,2,2,11
7,0,2,13
36,0,2,10
16,2,2,20
7,0,2,11
4,2,2,17
24,0,2,7
6,2,2,14
7,0,2,13
7,0,2,16
6,2,2,2
7,0,2,4
6,2,2,14
18,0,2,1
103,1,2,0
25,4,2,9
89,3,2,16
8,0,2,9
6,0,2,18
7,0,2,16
7,0,2,15
7,0,2,6
6,2,2,14
34,0,2,7
135,0,2,2
7,0,2,8
6,2,2,2
7,0,2,6
7,0,2,13
5,2,2,18
19,2,2,11
53,0,2,17
27,0,2,16
6,2,2,6
1,0,2,14
7,0,2,9
6,2,2,14
7,0,2,2
7,0,2,19
7,0,2,8
7,0,2,19
53,3,2,12
68,0,2,13
8,3,2,4
7,0,2,8
7,0,2,4
8,2,2,7
33,0,2,7
6,0,2,9
7,0,2,14
19,2,2,11
6,3,2,10
7,0,2,17
6,2,2,14
3,1,2,7
7,0,2,18
42,2,2,9
40,0,2,9
6,1,2,6
7,0,2,14
19,2,2,11
8,2,2,19
7,0,2,13
77,1,2,0
37,0,2,20
33,0,2,1
6,1,2,3
8,2,2,7
7,0,2,3
136,0,2,11
7,0,2,6
7,0,2,15
19,0,2,17
137,3,2,20
7,0,2,12
9,3,2,0
6,0,2,1
10,4,2,1
7,0,2,0
59,4,2,5
7,0,2,14
7,0,2,10
19,0,2,17
7,0,2,12
6,0,2,2
6,0,2,7
16,0,2,2
7,0,2,19
6,2,2,20
7,0,2,3
82,3,2,1
7,0,2,18
40,2,2,16
6,2,2,9
7,0,2,19
8,0,2,19
48,3,2,7
50,1,2,3
105,0,2,14
7,0,2,4
7,0,2,2
7,0,2,5
7,0,2,12
7,0,2,14
40,0,2,1
36,0,2,20
6,2,2,9
7,0,2,13
6,3,2,20
7,0,2,12
66,2,2,2
6,2,2,17
6,0,2,16
50,2,2,12
8,0,2,10
8,0,2,19
7,0,2,4
7,0,2,7
7,0,2,15
6,2,2,9
25,0,2,12
15,0,2,1
6,0,2,16
24,1,2,4
6,2,2,14
19,0,2,17
6,2,2,14
7,0,2,8
107,1,2,19
7,0,2,16
7,0,2,1
138,1,2,7
6,2,2,3
20,0,2,14
6,2,2,14
7,0,2,7
102,1,2,9
49,3,2,1
7,0,2,1
79,0,2,8
75,0,2,3
6,0,2,16
7,0,2,1
7,0,2,11
54,0,2,7
72,0,2,18
7,0,2,8
7,0,3,2
77,0,3,4
6,3,3,17
7,0,3,14
7,0,3,1
7,0,3,15
45,0,3,4
77,2,3,4
7,0,3,0
22,0,3,0
46,0,3,12
23,0,3,3
69,0,3,0
93,1,3,6
7,0,3,4
7,0,3,0
7,0,3,4
18,0,3,5
7,0,3,1
7,0,3,14
25,0,3,11
4,2,3,17
7,0,3,2
47,0,3,1
34,0,3,1
33,0,3,1
108,3,3,14
23,0,3,16
138,1,3,16
7,0,3,18
6,2,3,9
6,2,3,2
6,0,3,13
7,0,3,15
7,0,3,7
99,0,3,0
6,0,3,13
28,2,3,8
55,0,3,10
8,0,3,8
27,1,3,2
19,2,3,9
36,3,3,20
6,0,3,17
7,0,3,5
44,0,3,0
7,0,3,14
6,0,3,3
7,0,3,3
62,0,3,2
7,0,3,7
52,1,3,10
78,0,3,5
93,1,3,15
50,1,3,2
6,2,3,6
40,0,3,0
6,2,3,14
7,0,3,14
7,0,3,16
55,0,3,12
7,0,3,19
7,0,3,5
11,0,3,1
7,0,3,20
7,0,3,4
53,0,3,8
7,0,3,2
64,0,3,15
2,1,3,5
7,0,3,8
7,0,3,2
83,1,3,2
6,2,3,3
7,0,3,11
36,0,3,9
5,0,3,8
6,2,3,9
2,3,3,15
7,0,3,14
61,3,3,6
19,2,3,9
74,0,3,13
6,0,3,12
19,2,3,9
80,0,3,16
6,0,3,16
82,0,3,18
33,0,3,4
139,0,3,1
30,0,3,1
7,0,3,13
74,0,3,19
7,0,3,11
6,2,3,1
6,0,3,17
7,0,3,3
2,7,3,7
20,0,3,11
58,0,3,10
40,0,3,19
7,0,3,18
48,3,3,4
6,2,3,9
101,1,3,19
7,0,3,7
78,3,3,5
19,2,3,11
24,0,3,9
27,0,3,5
7,0,3,14
7,0,3,3
80,3,3,12
34,0,3,13
7,0,3,3
7,0,3,2
6,2,3,9
24,0,3,17
30,0,3,10
51,0,3,20
6,0,3,10
34,0,3,10
7,0,3,18
59,0,3,17
29,4,3,3
7,0,3,6
47,0,3,17
19,0,3,11
7,0,3,5
7,0,3,3
42,0,3,11
6,0,3,16
64,0,3,20
6,0,3,1
100,1,3,17
35,4,3,13
7,0,3,18
6,0,3,17
6,2,3,2
123,2,3,9
7,0,3,17
8,0,3,19
56,2,3,13
49,3,3,2
38,3,3,15
40,0,3,0
7,0,3,15
6,2,3,20
7,0,3,4
69,3,3,15
23,0,3,5
19,2,3,11
22,0,3,17
21,1,3,5
58,3,3,16
24,0,3,2
28,0,3,8
15,0,3,4
45,0,3,20
6,2,3,2
140,4,3,7
16,3,3,13
7,0,3,11
39,2,3,12
79,0,3,2
7,0,3,7
28,1,3,16
6,2,3,2
19,2,3,11
6,2,3,18
7,0,3,4
7,0,3,10
15,1,3,2
6,2,3,14
7,0,3,6
6,2,3,14
7,0,3,2
16,2,3,14
113,3,3,7
102,0,3,1
9,0,3,2
7,0,3,11
7,0,3,17
125,3,3,10
27,0,3,0
6,2,3,4
0,3,3,10
125,3,3,10
57,0,3,1
21,0,3,2
90,1,3,0
9,1,3,20
6,0,3,6
7,0,3,0
6,0,3,7
116,3,3,10
7,0,3,12
102,0,3,10
53,3,3,2
96,0,3,20
97,4,3,16
34,0,3,8
33,3,3,1
7,0,3,4
40,3,3,7
18,1,3,2
7,0,3,14
68,0,3,18
6,3,3,9
74,0,3,12
116,1,3,15
7,0,3,18
7,0,3,5
6,2,3,9
6,2,3,9
7,0,3,19
60,0,3,13
2,0,3,18
6,2,3,9
26,0,3,12
7,0,3,3
6,2,3,9
6,0,3,1
7,0,3,3
56,0,3,7
50,3,3,13
47,0,3,13
7,0,3,11
8,0,3,9
7,0,3,19
6,0,3,3
19,2,3,11
50,0,3,6
7,0,3,19
107,1,3,18
97,0,3,1
7,0,3,12
7,0,3,3
100,3,3,9
6,0,3,0
6,2,3,9
18,0,3,20
7,0,3,12
6,0,3,9
2,0,3,14
6,2,3,9
8,1,3,19
7,0,3,15
6,0,3,9
8,2,3,2
37,1,3,16
6,0,3,9
8,2,3,7
0,0,3,1
7,0,3,10
6,2,3,9
7,0,3,1
8,2,3,7
7,0,3,4
87,3,3,0
42,0,3,15
6,2,3,14
15,0,3,0
6,2,3,14
102,3,3,14
39,0,3,19
8,3,3,7
7,0,3,8
52,3,3,0
101,0,3,4
57,0,3,2
7,0,3,18
7,0,3,4
7,0,3,7
11,0,3,14
58,3,3,2
11,1,3,2
56,0,3,14
15,0,3,15
7,0,3,0
13,0,3,0
117,2,3,5
7,0,3,3
36,3,3,10
43,3,3,6
6,2,3,6
7,0,3,1
141,0,3,0
117,5,3,18
29,0,3,11
6,0,3,1
6,2,3,9
51,0,3,6
142,0,3,16
7,0,3,18
143,6,3,12
57,1,3,7
53,1,3,1
4,0,3,2
144,0,3,10
7,0,3,20
7,0,3,13
7,0,3,11
4,0,3,5
7,0,3,19
133,0,3,2
28,1,3,2
4,2,3,20
8,0,3,2
6,0,3,20
7,0,3,17
7,0,3,4
24,0,3,13
8,0,3,8
7,0,3,3
19,2,3,11
6,0,3,17
61,3,3,1
33,0,3,3
7,0,3,14
7,0,3,11
7,0,3,7
74,0,3,20
46,0,3,7
97,2,3,10
19,2,3,11
7,0,3,3
145,6,3,12
77,1,3,11
144,0,3,1
6,0,3,17
12,0,3,1
56,1,3,4
7,0,3,16
47,3,3,17
7,0,3,10
7,0,3,17
61,2,3,1
7,0,3,18
72,1,3,3
7,0,3,17
103,0,3,3
28,0,3,8
75,0,3,13
88,4,3,1
21,0,3,20
19,1,3,17
46,0,3,10
7,0,3,17
81,0,3,18
35,0,3,1
6,2,3,7
18,4,3,16
6,0,3,0
19,2,3,9
6,3,3,0
8,0,3,15
6,2,3,7
146,0,3,5
77,0,3,10
6,2,3,2
147,1,3,5
6,1,3,9
101,2,3,10
7,0,3,10
107,3,3,9
61,0,3,2
0,1,3,16
8,0,3,4
7,0,3,15
5,0,3,19
7,0,3,11
6,0,3,1
97,1,3,13
9,0,3,17
7,0,3,11
8,1,3,19
6,0,3,3
7,0,3,0
8,2,3,4
7,0,3,4
19,0,3,11
20,0,3,2
7,0,3,12
2,0,3,13
13,0,3,13
7,0,3,1
7,0,3,20
33,0,3,7
6,0,3,1
51,0,3,7
38,3,3,8
7,0,3,12
7,0,3,3
44,3,3,6
24,0,3,16
33,0,3,2
7,0,3,9
62,0,3,19
6,0,3,5
8,2,3,2
107,0,3,6
6,2,3,9
7,0,3,19
103,0,3,17
7,0,3,0
6,2,3,14
25,0,3,11
59,0,3,12
6,0,3,6
100,1,3,20
6,0,3,1
7,0,3,0
42,1,3,9
7,0,3,11
6,0,3,5
57,0,3,6
28,3,3,12
6,0,3,5
53,1,3,14
7,0,3,13
8,2,3,2
44,0,3,11
27,1,3,12
7,0,3,17
8,0,3,4
21,0,3,14
62,0,3,3
7,0,3,0
7,0,3,4
6,0,3,14
51,1,3,12
75,0,3,13
7,0,3,16
7,0,3,2
114,0,3,20
6,2,3,9
42,0,3,12
7,0,3,11
8,2,3,4
7,0,3,3
7,0,3,16
7,0,3,3
8,2,3,4
7,0,3,0
52,0,3,14
75,0,3,0
18,0,3,1
34,1,3,17
6,0,3,5
7,0,3,2
6,0,3,5
53,1,3,15
86,0,3,11
101,7,3,10
7,0,3,10
86,2,3,11
8,2,3,4
6,2,3,9
7,0,3,2
72,0,3,0
7,0,3,7
7,0,3,14
7,0,3,14
55,0,3,20
62,2,3,1
7,0,3,1
40,0,3,18
6,0,3,16
35,1,3,2
7,0,3,2
7,0,3,2
7,0,3,12
7,0,3,3
7,0,3,16
73,0,3,19
40,1,3,7
6,0,3,16
7,0,3,12
7,0,3,11
6,2,3,2
4,2,3,20
6,0,3,16
7,0,3,10
7,0,3,9
7,0,3,15
18,1,3,4
7,0,3,11
23,1,3,10
27,1,3,17
4,1,3,17
6,0,3,20
6,0,3,5
34,1,3,1
7,0,3,10
59,2,3,9
6,0,3,20
7,0,3,5
51,0,3,8
7,0,3,14
22,0,3,5
8,0,3,8
6,0,3,2
6,2,3,13
28,0,3,8
7,0,3,10
6,2,3,2
7,0,3,19
63,0,3,4
7,0,3,18
6,0,3,13
6,0,3,6
52,0,3,8
6,0,3,6
7,0,3,14
18,0,3,11
7,0,3,11
7,0,3,19
56,0,3,15
17,0,3,14
7,0,3,2
7,0,3,4
6,2,3,16
6,0,3,16
62,1,3,9
78,0,3,1
59,0,3,9
7,0,3,6
58,0,3,8
7,0,3,1
91,0,3,3
28,3,3,2
7,0,3,16
3,0,3,12
74,1,3,0
15,3,3,0
8,0,3,8
19,1,3,11
107,0,3,6
7,0,3,11
75,0,3,10
42,0,3,5
23,0,3,19
7,0,3,2
7,0,3,4
28,0,3,7
53,1,3,14
7,0,3,6
7,0,3,7
63,0,3,13
7,0,3,13
6,2,3,2
7,0,3,4
58,1,3,19
7,0,3,12
7,0,3,3
88,1,3,1
7,0,3,8
78,3,3,20
49,0,3,17
7,0,3,15
43,1,3,2
25,0,3,11
1,0,3,1
6,2,3,2
39,0,3,10
125,3,3,10
40,3,3,14
101,0,3,10
6,0,3,3
59,0,3,11
7,0,3,20
15,4,3,0
38,1,3,20
39,0,3,9
7,0,3,20
8,2,3,16
7,0,3,17
6,0,3,16
7,0,3,8
8,2,3,7
7,0,3,20
81,3,3,7
7,0,3,7
6,0,3,1
35,3,3,17
77,0,3,5
28,0,3,8
39,0,3,2
6,0,3,1
7,0,3,16
7,0,3,0
6,0,3,3
7,0,3,3
6,0,3,12
6,0,3,5
74,0,3,13
6,0,3,18
7,0,3,20
7,0,3,7
148,0,3,5
7,0,3,7
7,0,3,12
74,1,3,2
7,0,3,14
49,0,3,11
6,2,3,13
7,0,3,0
45,1,3,8
7,0,3,8
6,2,3,9
8,2,3,7
6,0,3,9
6,2,3,9
6,0,3,18
6,0,3,12
7,0,3,11
33,0,3,6
120,0,3,5
8,3,3,19
8,1,3,8
7,0,3,0
7,0,3,18
46,3,3,7
12,0,3,12
35,3,3,20
57,0,3,8
19,2,3,0
4,0,3,0
6,3,3,18
7,0,3,3
6,0,3,5
6,1,3,18
7,0,3,5
7,0,3,17
7,0,3,18
49,3,3,20
6,0,3,5
6,0,3,5
7,0,3,3
81,0,3,6
6,0,3,5
5,1,3,1
16,1,3,12
7,0,3,0
6,0,3,16
101,1,3,1
7,0,3,2
7,0,3,2
100,1,3,20
6,0,3,16
7,0,3,11
6,2,3,2
7,0,3,0
6,0,3,14
51,0,3,7
137,1,3,8
33,1,3,14
22,4,3,1
15,1,3,8
7,0,3,11
7,0,3,7
19,0,3,17
7,0,3,1
53,0,3,14
7,0,3,0
47,3,3,10
7,0,3,14
6,2,3,6
50,0,3,8
7,0,3,20
7,0,3,5
7,0,3,11
79,1,3,2
7,0,3,15
83,0,3,9
7,0,3,18
58,1,3,13
7,0,3,18
28,3,3,6
50,0,3,17
36,0,3,1
7,0,3,18
1,0,3,19
72,0,3,17
7,0,3,9
6,2,3,2
9,0,3,8
78,3,3,4
6,0,3,16
113,4,3,3
7,0,3,13
6,3,4,17
149,3,4,12
6,0,4,17
34,0,4,4
2,3,4,1
7,0,4,0
114,3,4,13
11,0,4,11
7,0,4,1
7,0,4,14
72,0,4,20
7,0,4,6
7,0,4,2
49,0,4,1
7,0,4,12
7,0,4,2
51,1,4,2
47,1,4,14
16,0,4,3
62,0,4,0
6,2,4,3
7,0,4,9
6,3,4,20
45,0,4,10
98,0,4,1
7,0,4,1
7,0,4,19
116,0,4,9
6,0,4,1
55,1,4,20
150,4,4,18
128,0,4,11
7,0,4,11
7,0,4,11
7,0,4,1
6,0,4,10
151,0,4,5
73,0,4,20
132,7,4,9
55,1,4,7
15,3,4,17
6,0,4,6
7,0,4,19
28,0,4,8
7,0,4,3
7,0,4,14
6,0,4,10
49,0,4,17
7,0,4,1
35,2,4,17
7,0,4,5
97,0,4,11
21,0,4,19
7,0,4,19
6,0,4,9
152,3,4,20
62,1,4,7
56,3,4,5
7,0,4,17
22,0,4,2
6,1,4,0
54,0,4,13
4,1,4,12
46,0,4,13
7,0,4,1
7,0,4,3
4,0,4,14
8,2,4,2
33,4,4,4
7,0,4,11
40,0,4,5
138,0,4,1
31,0,4,17
79,0,4,9
7,0,4,14
7,0,4,7
26,0,4,11
85,0,4,7
10,0,4,2
6,2,4,9
7,0,4,15
112,1,4,2
84,0,4,0
7,0,4,6
6,2,4,9
7,0,4,7
65,0,4,8
68,1,4,9
41,3,4,15
7,0,4,2
7,0,4,12
36,0,4,8
7,0,4,11
7,0,4,16
153,0,4,17
7,0,4,19
7,0,4,19
9,0,4,1
79,1,4,12
116,0,4,5
6,0,4,1
45,0,4,1
7,0,4,4
7,0,4,10
7,0,4,11
48,2,4,2
7,0,4,11
7,0,4,14
25,3,4,4
48,1,4,11
8,2,4,2
7,0,4,20
20,0,4,13
7,0,4,3
93,2,4,2
21,0,4,18
7,0,4,2
7,0,4,15
2,1,4,4
7,0,4,4
57,3,4,20
47,0,4,20
7,0,4,15
7,0,4,3
7,0,4,7
138,7,4,18
7,0,4,6
57,0,4,13
63,2,4,13
7,0,4,3
6,1,4,18
38,1,4,15
7,0,4,9
46,0,4,7
57,0,4,19
7,0,4,13
7,0,4,10
7,0,4,6
55,0,4,1
7,0,4,2
7,0,4,15
7,0,4,15
7,0,4,20
56,1,4,13
90,1,4,10
6,0,4,5
6,2,4,2
7,0,4,1
6,2,4,6
6,2,4,7
6,0,4,16
45,3,4,16
7,0,4,2
78,0,4,11
7,0,4,9
75,1,4,1
5,1,4,20
7,0,4,0
86,0,4,11
7,0,4,0
7,0,4,15
7,0,4,2
6,0,4,5
6,2,4,9
7,0,4,16
7,0,4,20
8,0,4,7
7,0,4,10
6,0,4,2
7,0,4,0
7,0,4,1
6,3,4,2
47,0,4,11
58,0,4,5
96,0,4,5
7,0,4,2
22,0,4,10
19,2,4,11
6,2,4,9
7,0,4,13
93,0,4,11
19,2,4,11
83,0,4,18
7,0,4,3
19,2,4,11
7,0,4,4
54,0,4,7
28,0,4,8
0,0,4,14
7,0,4,5
7,0,4,14
7,0,4,11
36,1,4,12
7,0,4,0
48,1,4,19
7,0,4,10
7,0,4,16
25,0,4,13
4,0,4,1
8,2,4,2
57,4,4,1
23,1,4,5
6,2,4,6
6,0,4,18
77,5,4,11
6,2,4,9
30,2,4,4
75,0,4,5
18,3,4,2
97,0,4,10
7,0,4,9
6,2,4,2
6,0,4,6
6,2,4,2
47,4,4,10
7,0,4,5
7,0,4,20
7,0,4,6
40,0,4,20
7,0,4,8
14,0,4,16
7,0,4,4
48,1,4,4
98,0,4,20
19,0,4,11
7,0,4,8
6,0,4,20
154,0,4,20
79,0,4,17
7,0,4,18
7,0,4,12
59,0,4,2
19,2,4,11
47,0,4,16
7,0,4,18
19,2,4,11
15,0,4,17
47,1,4,8
7,0,4,16
6,0,4,5
7,0,4,16
6,0,4,1
7,0,4,1
28,1,4,8
79,0,4,7
63,0,4,5
7,0,4,12
6,0,4,20
58,2,4,8
32,0,4,20
19,2,4,11
7,0,4,0
51,3,4,19
23,3,4,7
77,0,4,20
58,1,4,4
7,0,4,11
81,1,4,15
7,0,4,9
18,0,4,2
7,0,4,6
107,0,4,17
73,0,4,15
7,0,4,16
6,0,4,20
7,0,4,7
62,0,4,17
102,1,4,13
6,3,4,15
42,0,4,1
57,3,4,12
53,3,4,4
40,0,4,5
35,2,4,17
78,0,4,0
50,3,4,2
7,0,4,15
22,0,4,1
7,0,4,13
77,2,4,6
7,0,4,4
69,0,4,11
7,0,4,7
138,0,4,8
137,3,4,5
102,0,4,12
7,0,4,3
7,0,4,19
7,0,4,4
82,1,4,13
7,0,4,9
75,3,4,6
21,1,4,13
7,0,4,11
7,0,4,7
134,1,4,5
107,0,4,6
9,0,4,10
7,0,4,6
39,0,4,9
7,0,4,11
61,1,4,5
7,0,4,1
37,1,4,17
8,0,4,8
22,1,4,9
8,0,4,8
7,0,4,1
6,0,4,16
21,0,4,1
6,0,4,6
6,0,4,20
79,3,4,18
7,0,4,8
6,0,4,17
7,0,4,15
7,0,4,4
7,0,4,6
9,0,4,4
57,4,4,18
6,2,4,9
6,0,4,2
108,3,4,1
13,0,4,18
35,1,4,11
7,0,4,4
11,0,4,14
97,0,4,13
50,0,4,1
107,0,4,1
85,2,4,0
44,0,4,16
15,0,4,2
37,0,4,5
6,0,4,6
6,0,4,1
7,0,4,3
6,2,4,9
81,0,4,13
43,0,4,16
8,0,4,10
7,0,4,7
7,0,4,16
7,0,4,18
6,0,4,2
56,0,4,12
7,0,4,20
31,3,4,8
137,0,4,1
83,0,4,16
124,3,4,15
7,0,4,0
7,0,4,2
7,0,4,3
69,3,4,8
7,0,4,17
98,0,4,13
7,0,4,16
8,0,4,4
15,0,4,13
7,0,4,11
8,3,4,4
64,0,4,0
34,2,4,17
31,2,4,2
21,0,4,5
6,0,4,9
66,0,4,9
54,0,4,16
6,0,4,20
7,0,4,10
6,0,4,5
7,0,4,0
7,0,4,3
35,1,4,11
6,0,4,13
11,0,4,14
55,3,4,13
6,1,4,9
6,2,4,18
6,0,4,2
7,0,4,14
7,0,4,19
8,0,4,10
7,0,4,15
7,0,4,1
7,0,4,7
30,1,4,9
34,3,4,8
59,3,4,13
7,0,4,13
7,0,4,16
83,0,4,13
7,0,4,11
8,0,4,8
6,0,4,3
138,0,4,5
7,0,4,8
7,0,4,4
55,0,4,2
47,0,4,18
7,0,4,11
21,0,4,11
102,0,4,11
20,0,4,9
42,3,4,2
6,3,4,9
6,0,4,5
34,3,4,0
7,0,4,3
72,3,4,13
6,0,4,12
7,0,4,3
27,0,4,2
53,1,4,1
7,0,4,15
7,0,4,11
11,3,4,13
101,1,4,10
26,2,4,2
7,0,4,5
7,0,4,14
7,0,4,10
6,0,4,6
7,0,4,15
7,0,4,7
100,0,4,0
144,0,4,0
7,0,4,11
6,0,4,13
35,3,4,11
7,0,4,18
102,1,4,16
22,0,4,8
7,0,4,17
7,0,4,14
74,1,4,13
6,0,4,7
7,0,4,6
0,1,4,10
59,1,4,19
7,0,4,18
6,1,4,11
7,0,4,16
112,0,4,19
7,0,4,4
7,0,4,0
7,0,4,11
7,0,4,17
74,3,4,8
57,0,4,1
7,0,4,3
47,0,4,18
85,0,4,17
7,0,4,11
7,0,4,1
19,0,4,11
69,3,4,18
39,0,4,18
77,7,4,11
6,0,4,5
116,0,4,17
21,3,4,2
25,0,4,11
7,0,4,19
56,0,4,5
56,0,4,11
74,0,4,7
19,2,4,11
8,2,4,4
39,3,4,16
7,0,4,13
7,0,4,1
7,0,4,10
55,1,4,16
6,3,4,14
19,0,4,11
78,0,4,14
31,3,4,5
105,1,4,8
99,0,4,1
7,0,4,3
74,4,4,2
7,0,4,10
49,0,4,4
7,0,4,9
27,0,4,17
40,1,4,11
7,0,4,18
7,0,4,13
23,0,4,1
7,0,4,9
7,0,4,1
7,0,4,16
139,4,4,1
57,0,4,5
56,1,4,3
31,0,4,16
97,3,4,2
115,0,4,5
7,0,4,7
102,0,4,2
6,0,4,6
7,0,4,19
6,3,4,13
47,0,4,9
6,0,4,16
7,0,4,8
102,0,4,2
7,0,4,19
7,0,4,7
7,0,4,9
7,0,4,6
7,0,4,2
34,0,4,2
50,0,4,8
101,2,4,10
6,0,4,1
105,0,4,13
100,0,4,13
65,0,4,1
99,0,4,11
7,0,4,4
7,0,4,13
7,0,4,3
7,0,4,8
37,0,4,5
45,0,4,16
77,0,4,10
7,0,4,8
35,0,4,1
7,0,4,3
40,0,4,9
11,7,4,1
79,0,4,5
59,0,4,8
42,1,4,18
7,0,4,2
7,0,4,12
6,0,4,5
6,0,4,5
30,0,4,3
7,0,4,10
99,0,4,16
7,0,4,10
7,0,4,2
31,0,4,13
47,0,4,20
9,3,4,16
35,2,4,20
44,1,4,3
2,0,4,16
7,0,4,15
21,0,4,1
7,0,4,15
7,0,4,1
7,0,4,13
7,0,4,18
6,0,4,13
7,0,4,3
7,0,4,17
74,0,4,6
59,3,4,18
40,3,4,12
32,4,4,6
93,1,4,4
7,0,4,2
63,0,4,6
7,0,4,20
7,0,4,10
6,2,4,18
102,0,4,5
25,0,4,13
26,0,4,5
7,0,4,7
7,0,4,11
6,0,4,2
5,0,4,7
6,2,4,20
23,2,4,6
54,0,4,18
21,0,4,15
36,1,4,9
75,1,4,5
7,0,4,15
99,3,4,18
6,0,4,5
7,0,4,18
6,0,4,9
7,0,4,12
33,3,4,2
6,0,4,13
7,0,4,11
7,0,4,6
77,1,4,8
0,4,4,7
102,0,4,20
62,0,4,0
7,0,4,20
6,0,4,9
59,1,4,7
25,0,4,0
8,0,4,19
6,0,4,13
7,0,4,10
7,0,4,3
98,1,4,16
4,0,4,11
77,1,4,7
7,0,4,9
7,0,4,2
7,0,4,5
6,3,4,1
6,0,4,9
6,0,4,16
150,5,4,19
6,2,4,1
101,1,4,10
7,0,4,13
6,3,4,20
68,0,4,20
33,0,4,17
63,3,4,14
74,1,4,6
6,0,4,10
7,0,4,20
7,0,4,12
7,0,4,6
7,0,4,3
7,0,4,19
7,0,4,12
7,0,4,9
23,1,4,14
62,4,4,3
31,1,4,3
0,0,4,10
53,2,4,16
31,0,4,4
6,0,4,9
6,0,4,5
70,4,4,9
6,0,4,17
14,1,4,3
35,0,4,1
7,0,4,13
55,3,4,2
8,2,4,0
7,0,4,5
7,0,4,7
7,0,4,19
7,0,4,0
31,1,4,14
7,0,4,7
124,1,4,7
8,0,4,4
7,0,4,6
7,0,4,6
42,0,4,6
7,0,4,15
63,0,4,2
42,0,4,19
10,0,4,2
54,0,4,0
7,0,4,5
45,3,4,14
7,0,4,20
7,0,4,7
48,0,5,12
77,0,5,4
31,3,5,2
39,1,5,16
6,0,5,17
45,2,5,0
7,0,5,18
7,0,5,5
97,1,5,2
7,0,5,17
91,0,5,20
97,1,5,12
88,3,5,19
8,0,5,20
100,0,5,12
26,0,5,0
59,0,5,6
50,4,5,0
7,0,5,5
62,0,5,1
144,3,5,5
6,2,5,14
131,4,5,12
56,1,5,2
50,0,5,10
54,0,5,14
48,1,5,9
7,0,5,11
18,2,5,11
7,0,5,13
88,2,5,11
42,3,5,2
7,0,5,4
11,1,5,17
46,0,5,12
29,2,5,20
11,1,5,2
7,0,5,19
59,0,5,3
4,0,5,9
7,0,5,3
6,3,5,2
64,1,5,10
7,0,5,12
19,0,5,11
7,0,5,13
7,0,5,3
7,0,5,7
34,3,5,7
7,0,5,14
7,0,5,18
34,1,5,2
7,0,5,19
39,0,5,16
7,0,5,4
6,2,5,3
7,0,5,12
33,0,5,14
6,2,5,13
34,0,5,11
7,0,5,18
25,0,5,20
45,3,5,17
27,0,5,19
30,3,5,17
7,0,5,0
7,0,5,9
35,0,5,10
47,1,5,10
19,0,5,11
78,1,5,14
6,2,5,9
8,0,5,18
16,3,5,4
7,0,5,3
10,0,5,1
27,0,5,15
75,4,5,11
6,0,5,18
32,0,5,18
98,0,5,13
25,3,5,16
7,0,5,8
37,1,5,4
91,1,5,12
6,0,5,16
7,0,5,0
6,0,5,17
6,3,5,14
7,0,5,18
7,0,5,11
7,0,5,19
97,0,5,1
55,1,5,2
7,0,5,10
74,0,5,9
6,2,5,13
6,0,5,13
7,0,5,10
14,0,5,16
7,0,5,16
7,0,5,18
7,0,5,13
49,3,5,17
6,0,5,13
7,0,5,10
49,0,5,7
53,0,5,15
155,0,5,2
86,0,5,4
4,0,5,5
7,0,5,13
7,0,5,8
7,0,5,4
8,2,5,2
36,0,5,15
84,0,5,3
7,0,5,1
57,1,5,7
42,0,5,7
116,0,5,1
34,0,5,6
37,0,5,18
7,0,5,8
7,0,5,8
7,0,5,16
2,1,5,18
7,0,5,13
82,0,5,20
13,1,5,2
7,0,5,3
7,0,5,19
7,0,5,2
7,0,5,16
30,1,5,2
46,0,5,0
21,0,5,20
6,0,5,5
7,0,5,18
7,0,5,0
7,0,5,7
59,0,5,12
7,0,5,10
107,0,5,7
113,3,5,10
7,0,5,9
7,0,5,3
7,0,5,9
7,0,5,10
23,0,5,13
6,0,5,1
23,0,5,1
16,0,5,0
7,0,5,3
7,0,5,4
100,0,5,13
63,1,5,9
9,0,5,6
7,0,5,7
49,0,5,5
32,3,5,5
7,0,5,1
6,0,5,2
39,4,5,9
93,2,5,14
7,0,5,15
7,0,5,4
6,0,5,14
6,1,5,9
43,1,5,8
27,1,5,2
97,3,5,12
100,0,5,2
7,0,5,2
7,0,5,0
6,0,5,16
35,3,5,2
39,0,5,9
7,0,5,17
7,0,5,3
42,4,5,1
33,1,5,9
6,0,5,17
7,0,5,12
30,0,5,15
35,0,5,1
6,0,5,5
7,0,5,20
7,0,5,9
6,3,5,4
78,1,5,2
7,0,5,18
31,0,5,10
7,0,5,17
6,0,5,7
27,1,5,2
7,0,5,15
75,3,5,2
37,1,5,9
94,0,5,11
59,3,5,10
6,0,5,10
6,0,5,7
7,0,5,1
6,0,5,3
102,0,5,16
0,3,5,12
7,0,5,19
6,2,5,9
35,0,5,1
35,3,5,2
22,0,5,10
7,0,5,16
7,0,5,19
29,1,5,4
103,3,5,12
7,0,5,3
16,1,5,2
2,1,5,18
8,0,5,8
7,0,5,17
6,3,5,2
62,0,5,0
7,0,5,7
42,1,5,9
47,0,5,17
6,0,5,6
9,0,5,12
7,0,5,17
7,0,5,16
7,0,5,14
7,0,5,18
20,0,5,19
19,0,5,11
7,0,5,11
33,4,5,0
43,0,5,0
7,0,5,11
6,3,5,9
85,0,5,7
6,0,5,1
7,0,5,0
7,0,5,8
61,0,5,17
83,1,5,1
7,0,5,16
7,0,5,1
62,0,5,0
116,0,5,10
19,0,5,11
7,0,5,4
7,0,5,2
36,3,5,4
78,1,5,9
39,0,5,1
8,3,5,4
6,0,5,5
79,1,5,14
7,0,5,16
7,0,5,3
73,0,5,2
140,4,5,12
27,0,5,2
7,0,5,17
7,0,5,17
53,0,5,17
7,0,5,3
128,0,5,13
120,0,5,16
6,0,5,16
7,0,5,11
7,0,5,18
156,4,5,10
6,3,5,7
103,2,5,4
62,1,5,1
7,0,5,1
50,0,5,8
59,3,5,0
7,0,5,11
33,1,5,13
11,0,5,13
58,0,5,8
42,0,5,4
33,4,5,13
30,0,5,13
7,0,5,4
94,1,5,8
42,3,5,10
75,0,5,1
49,0,5,7
56,2,5,1
8,0,5,10
40,3,5,2
7,0,5,7
4,3,5,9
83,0,5,2
2,1,5,10
4,1,5,2
28,0,5,8
7,0,5,12
7,0,5,1
144,3,5,18
6,0,5,16
77,2,5,13
7,0,5,6
59,0,5,4
19,0,5,11
14,3,5,8
7,0,5,19
7,0,5,11
33,1,5,0
11,3,5,2
58,2,5,16
102,2,5,2
69,0,5,2
64,3,5,19
9,0,5,0
25,2,5,4
7,0,5,13
98,0,5,1
50,0,5,8
6,0,5,7
7,0,5,0
7,0,5,4
6,0,5,17
7,0,5,14
7,0,5,5
7,0,5,2
7,0,5,7
8,0,5,10
15,3,5,3
7,0,5,15
7,0,5,0
21,3,5,2
62,1,5,16
101,0,5,2
42,1,5,14
61,0,5,17
33,1,5,9
73,7,5,18
7,0,5,0
8,0,5,8
42,1,5,13
101,1,5,13
29,1,5,10
7,0,5,3
6,1,5,2
7,0,5,18
7,0,5,9
18,0,5,17
92,0,5,1
47,0,5,0
6,2,5,20
7,0,5,14
61,0,5,8
6,0,5,9
33,0,5,2
20,3,5,13
47,1,5,17
7,0,5,18
19,0,5,11
62,0,5,17
7,0,5,16
100,0,5,13
54,0,5,12
20,1,5,1
7,0,5,11
2,1,5,9
78,1,5,10
49,0,5,20
6,0,5,20
7,0,5,3
62,0,5,5
7,0,5,13
7,0,5,11
8,3,5,4
8,0,5,4
4,1,5,2
157,2,5,12
7,0,5,13
34,0,5,12
120,0,5,12
34,0,5,2
7,0,5,9
50,0,5,20
7,0,5,19
113,0,5,8
8,0,5,8
29,0,5,11
7,0,5,18
7,0,5,2
90,0,5,4
7,0,5,4
7,0,5,1
7,0,5,17
63,1,5,2
59,4,5,9
6,0,5,13
34,3,5,9
8,0,5,8
7,0,5,13
55,0,5,14
6,0,5,10
62,1,5,2
6,2,5,2
11,0,5,1
7,0,5,6
85,3,5,8
6,1,5,4
7,0,5,20
7,0,5,11
6,0,5,17
64,0,5,5
7,0,5,0
56,5,5,11
6,0,5,16
3,0,5,14
57,3,5,2
7,0,5,5
42,0,5,2
45,0,5,13
7,0,5,14
105,3,5,12
21,0,5,9
6,0,5,12
11,3,5,12
7,0,5,2
7,0,5,5
6,1,5,18
7,0,5,16
41,2,5,7
7,0,5,12
77,1,5,2
40,0,5,15
6,0,5,6
7,0,5,20
2,0,5,5
7,0,5,10
7,0,5,18
55,0,5,19
38,2,5,17
30,1,5,14
7,0,5,6
7,0,5,10
51,3,5,16
11,1,5,2
56,2,5,6
68,0,5,6
7,0,5,5
7,0,5,9
7,0,5,17
8,1,5,4
125,0,5,1
7,0,5,5
21,1,5,2
27,0,5,16
22,0,5,11
43,0,5,7
6,0,5,18
73,4,5,13
8,0,5,4
7,0,5,2
21,0,5,11
99,0,5,4
81,0,5,5
103,2,5,13
42,1,5,18
6,2,5,15
7,0,5,9
7,0,5,9
10,0,5,7
7,0,5,15
6,0,5,17
25,1,5,16
6,0,5,16
39,3,5,16
18,0,5,17
7,0,5,6
31,0,5,19
7,0,5,1
7,0,5,8
61,0,5,1
69,0,5,17
45,0,5,19
7,0,5,0
18,0,5,15
17,0,5,1
6,0,5,12
19,0,5,17
6,0,5,6
21,0,5,2
7,0,5,1
100,3,5,17
102,0,5,19
14,0,5,8
7,0,5,1
7,0,5,14
7,0,5,10
70,0,5,3
7,0,5,13
7,0,5,0
7,0,5,3
26,0,5,0
6,0,5,2
45,0,5,13
75,0,5,20
7,0,5,1
19,3,5,11
74,0,5,7
7,0,5,9
35,3,5,1
62,4,5,15
30,0,5,5
55,0,5,8
35,3,5,13
82,2,5,12
84,1,5,17
7,0,5,14
98,3,5,9
7,0,5,12
15,0,5,15
7,0,5,9
21,0,5,1
7,0,5,7
6,2,5,2
7,0,5,2
7,0,5,7
31,0,5,6
7,0,5,4
7,0,5,7
78,0,5,6
82,2,5,17
7,0,5,9
7,0,5,6
102,0,5,2
7,0,5,10
80,3,5,4
33,0,5,2
19,0,5,11
113,0,5,8
97,1,5,13
8,0,5,8
29,0,5,6
19,0,5,11
6,0,5,20
97,3,5,16
64,0,5,19
7,0,5,17
28,0,5,8
78,0,5,2
7,0,5,3
33,1,5,3
7,0,5,0
6,0,5,16
7,0,5,12
7,0,5,0
55,2,5,2
54,1,5,5
17,2,5,1
56,0,5,6
7,0,5,19
6,2,5,1
5,3,5,19
30,0,5,14
24,1,5,11
20,0,5,18
7,0,5,18
33,0,5,16
31,0,5,12
7,0,5,15
27,0,5,3
21,3,6,2
23,0,6,20
7,0,6,16
79,0,6,10
6,0,6,6
6,0,6,4
31,0,6,14
30,2,6,0
91,3,6,12
9,0,6,4
7,0,6,10
35,1,6,12
101,0,6,10
7,0,6,2
21,3,6,2
7,0,6,20
102,1,6,1
18,0,6,7
31,1,6,9
96,0,6,2
6,0,6,16
0,0,6,0
6,2,6,2
82,2,6,20
7,0,6,18
47,0,6,4
62,0,6,6
97,0,6,1
7,0,6,7
10,3,6,14
16,0,6,16
43,0,6,8
34,1,6,2
32,0,6,2
2,0,6,5
6,3,6,18
7,0,6,20
6,0,6,20
48,0,6,12
59,0,6,6
44,3,6,8
102,1,6,12
7,0,6,10
27,1,6,8
14,4,6,2
72,2,6,16
96,4,6,15
8,0,6,7
101,0,6,2
33,0,6,20
35,0,6,17
7,0,6,17
7,0,6,10
7,0,6,10
7,0,6,9
7,0,6,10
25,2,6,12
7,0,6,8
48,0,6,8
27,0,6,10
7,0,6,1
59,0,6,17
7,0,6,11
77,0,6,5
6,2,6,2
98,1,6,2
7,0,6,18
7,0,6,0
7,0,6,5
19,0,6,11
48,0,6,9
22,0,6,14
7,0,6,6
42,0,6,16
20,0,6,8
77,0,6,1
7,0,6,3
65,0,6,4
81,0,6,17
7,0,6,15
19,0,6,17
18,0,6,1
63,1,6,13
6,0,6,16
18,2,6,12
7,0,6,7
7,0,6,14
61,0,6,4
90,1,6,16
7,0,6,1
7,0,6,9
7,0,6,9
7,0,6,16
19,1,6,11
55,0,6,17
42,3,6,1
120,3,6,1
50,2,6,7
6,0,6,5
38,4,6,3
85,1,6,12
7,0,6,10
7,0,6,13
98,0,6,8
6,0,6,9
7,0,6,12
7,0,6,3
7,0,6,5
7,0,6,3
7,0,6,2
19,1,6,11
138,1,6,5
137,0,6,18
157,2,6,18
7,0,6,7
33,3,6,2
19,3,6,11
19,3,6,11
69,0,6,13
7,0,6,12
45,0,6,17
6,0,6,1
59,1,6,4
7,0,6,10
158,4,6,16
7,0,6,12
48,1,6,11
101,0,6,8
7,0,6,5
6,0,6,1
7,0,6,10
151,3,6,6
19,0,6,11
7,0,6,19
56,0,6,20
7,0,6,4
36,3,6,16
24,0,6,15
19,0,6,17
44,0,6,12
2,3,6,9
49,0,6,5
7,0,6,11
8,0,6,8
6,0,6,5
88,0,6,12
7,0,6,6
7,0,6,12
20,3,6,14
58,0,6,1
71,0,6,11
7,0,6,2
7,0,6,4
28,0,6,8
35,0,6,4
64,3,6,18
99,1,6,16
6,0,6,5
18,5,6,1
19,2,6,11
12,0,6,2
7,0,6,1
48,1,6,2
7,0,6,7
6,0,6,12
7,0,6,3
31,0,6,9
40,0,6,1
7,0,6,12
39,3,6,2
19,0,6,17
7,0,6,11
30,0,6,12
6,0,6,13
6,0,6,18
7,0,6,18
19,0,6,11
6,0,6,16
56,0,6,20
79,0,6,11
87,0,6,1
7,0,6,18
63,1,6,10
82,0,6,13
63,0,6,20
7,0,6,15
8,2,6,19
159,1,6,9
7,0,6,10
45,1,6,3
50,7,6,16
7,0,6,12
7,0,6,18
37,1,6,2
6,0,6,1
7,0,6,20
47,0,6,17
39,0,6,19
49,1,6,16
8,4,6,6
2,1,6,2
7,0,6,6
64,4,6,19
50,0,6,7
6,2,6,0
42,3,6,1
7,0,6,14
7,0,6,17
38,0,6,5
8,0,6,19
6,1,6,12
39,0,6,20
7,0,6,2
50,0,6,14
160,7,6,11
7,0,6,18
72,3,6,16
6,0,6,20
7,0,6,13
78,0,6,9
6,1,6,2
6,0,6,0
35,1,6,17
22,2,6,16
30,1,6,2
16,3,6,14
7,0,6,12
7,0,6,2
137,0,6,13
7,0,6,4
7,0,6,5
101,3,6,10
7,0,6,9
91,0,6,13
6,2,6,18
8,0,6,17
55,0,6,13
8,0,6,19
7,0,6,10
7,0,6,7
7,3,6,14
26,0,6,11
7,0,6,11
26,2,6,11
7,0,6,7
82,3,6,9
78,0,6,3
11,1,6,2
10,1,6,18
50,0,6,7
7,0,6,3
6,0,6,1
38,1,6,1
82,1,6,13
55,3,6,2
7,0,6,16
95,0,6,12
47,0,6,8
7,0,6,17
19,0,6,17
7,0,6,14
15,0,6,19
24,0,6,11
6,0,6,12
137,3,6,18
50,0,6,9
7,0,6,5
7,0,6,1
7,0,6,3
161,0,6,9
6,2,6,2
6,0,6,12
6,2,6,2
7,0,6,3
11,1,6,2
16,0,6,3
107,0,6,14
20,1,6,9
6,0,6,5
107,0,6,10
6,0,6,2
127,1,6,8
14,0,6,12
34,0,6,7
75,3,6,2
26,0,6,12
48,0,6,2
15,3,6,18
47,0,6,12
6,3,6,2
62,1,6,9
28,0,6,2
72,0,6,11
51,3,6,0
27,3,6,1
40,0,6,14
98,0,6,17
20,0,6,11
107,0,6,7
6,0,6,5
0,0,6,6
88,0,6,18
37,0,6,10
35,3,6,6
0,0,6,11
50,0,6,7
64,0,6,19
44,0,6,20
6,0,6,13
96,0,6,19
33,0,6,11
23,0,6,6
25,1,6,2
39,1,6,20
16,0,6,1
33,1,6,1
116,1,6,8
30,3,6,7
103,0,6,13
90,0,6,10
11,0,6,18
81,0,6,6
11,3,6,9
16,2,6,8
6,2,6,5
100,3,6,18
49,0,6,17
101,0,6,5
91,3,6,20
31,1,6,2
3,1,6,13
88,0,6,8
100,1,6,12
114,2,6,8
9,0,6,9
31,0,6,10
74,3,6,16
72,0,6,8
51,2,6,1
35,0,6,18
6,0,6,3
64,1,6,20
96,1,6,14
6,0,6,12
6,0,6,6
69,3,6,18
27,3,6,3
15,1,6,4
37,1,6,2
100,1,6,11
16,0,6,1
97,1,6,2
102,0,6,17
50,0,6,7
1,3,6,2
102,0,6,8
27,0,6,16
16,2,6,4
100,1,6,2
6,7,6,1
28,0,6,19
32,0,6,4
65,1,6,7
73,4,6,1
74,0,6,2
89,3,6,16
29,1,6,2
53,0,6,12
68,0,6,20
23,0,6,6
129,0,6,8
115,0,6,4
39,0,6,12
8,0,6,4
31,1,6,14
69,0,6,1
0,0,6,12
1,2,6,17
6,3,6,9
4,2,6,20
8,0,6,4
83,1,6,8
31,0,6,11
56,0,6,4
6,0,6,6
6,0,6,0
75,1,6,14
26,2,6,9
102,1,6,13
21,3,6,2
6,0,6,6
114,0,6,2
6,0,6,20
36,1,6,9
44,2,6,13
162,4,7,8
6,2,8,13
7,0,9,18
7,0,9,18
7,0,8,18
156,1,8,4
7,0,8,11
140,6,8,3
7,0,7,11
7,0,7,18
8,2,9,19
6,3,7,10
0,4,8,16
7,0,7,18
7,0,7,11
163,4,7,0
7,0,8,11
7,0,9,6
7,0,7,18
7,0,8,6
147,1,8,4
6,2,8,18
7,0,7,11
57,3,7,4
7,0,9,11
147,1,9,17
7,0,7,1
7,0,8,18
7,0,8,11
7,0,8,11
6,1,7,10
7,0,8,18
6,3,8,13
7,0,9,18
6,3,8,3
132,4,8,5
7,0,9,18
7,0,7,11
139,4,8,10
7,0,9,17
150,7,9,13
7,0,7,11
7,0,7,1
7,0,9,17
7,0,7,18
117,4,8,16
21,1,8,13
8,0,7,18
158,7,8,0
6,0,8,6
6,7,8,5
7,0,9,11
164,4,8,3
39,0,9,18
165,5,7,4
158,4,8,15
7,0,8,18
7,0,8,18
6,3,9,16
7,0,8,11
165,5,8,18
7,0,8,11
7,0,7,18
68,1,8,18
140,1,7,10
7,0,7,11
18,1,7,13
7,0,9,11
6,3,9,3
8,2,9,19
6,1,7,6
73,7,8,18
7,0,7,18
139,6,8,10
158,4,7,18
8,1,9,16
7,0,8,18
34,2,8,19
7,0,8,6
8,0,9,10
158,4,8,12
7,0,7,18
7,0,8,11
96,0,8,10
156,0,9,10
7,0,8,18
7,0,9,11
6,3,9,10
7,0,8,11
7,0,7,18
8,6,8,8
6,2,8,15
7,0,8,18
86,0,7,13
7,0,8,11
6,0,8,16
7,0,9,11
6,2,8,13
53,0,8,13
117,4,8,18
7,0,8,11
8,2,8,19
7,0,7,11
7,0,8,11
166,6,7,2
7,0,7,0
7,0,7,18
162,4,8,16
7,0,7,18
165,4,7,18
7,0,8,11
158,2,8,10
6,3,9,5
80,3,7,10
7,0,7,11
7,0,7,18
7,0,7,11
7,0,7,18
7,0,8,11
6,1,8,16
7,0,7,18
8,2,9,8
7,0,8,11
63,1,8,15
7,0,8,18
7,0,8,11
124,4,7,6
7,0,8,1
7,0,9,11
8,0,9,19
7,0,9,11
6,3,8,3
153,0,7,11
7,0,8,11
68,7,9,8
8,3,8,19
7,0,7,18
11,7,9,8
8,2,7,19
15,2,8,10
132,4,8,6
7,0,7,18
7,0,8,11
150,6,8,10
6,0,7,16
7,0,8,18
7,0,8,4
7,0,7,11
164,4,8,10
7,0,7,0
7,0,7,18
7,0,7,11
7,0,8,11
7,0,9,18
25,0,8,13
147,7,9,16
7,0,8,18
7,0,9,18
25,4,9,6
7,0,8,18
50,7,9,8
147,4,9,19
8,2,8,2
6,0,7,16
7,0,8,18
147,4,9,10
124,1,9,1
117,5,7,18
7,0,8,11
132,4,7,12
7,0,7,18
6,2,8,3
7,0,7,11
164,1,9,0
7,0,8,11
7,0,7,18
101,4,8,16
6,2,7,0
33,3,7,15
164,7,9,16
7,0,9,18
147,4,9,19
8,2,8,19
140,6,9,10
7,0,8,11
7,0,9,11
6,4,8,13
87,7,7,9
6,7,7,5
139,4,7,5
7,0,7,11
167,7,9,6
7,0,7,11
7,0,8,1
140,4,8,16
15,0,7,10
150,4,8,16
150,6,8,7
6,0,7,5
7,0,7,18
50,2,9,8
7,0,9,11
7,0,8,11
7,0,8,11
7,0,9,11
7,0,8,18
140,4,7,7
7,0,8,18
7,0,9,18
7,0,7,18
7,0,7,18
7,0,7,18
6,0,8,3
6,2,8,14
2,3,8,15
7,0,7,11
7,0,8,11
7,0,7,11
147,4,9,19
7,0,8,11
7,0,8,11
150,0,9,4
55,0,8,10
7,0,7,1
7,0,9,11
7,0,9,11
147,4,7,16
7,0,8,11
56,4,7,13
7,0,7,18
7,0,8,11
7,0,8,11
164,1,9,6
147,1,9,6
132,4,7,13
139,4,9,3
147,7,9,16
7,0,8,11
139,5,7,16
7,0,8,15
7,0,7,11
6,1,9,6
6,0,7,3
140,4,7,16
164,4,9,10
6,3,8,3
8,3,7,4
7,0,8,18
140,4,8,10
7,0,7,11
7,0,8,11
37,1,7,18
7,0,9,18
7,0,8,18
7,0,8,11
147,0,7,16
7,0,7,18
7,0,7,18
7,0,8,18
166,6,8,8
95,4,8,16
7,0,8,11
7,0,8,18
7,0,8,18
7,0,7,11
7,0,8,11
15,2,8,10
7,0,8,11
7,0,7,11
7,0,9,18
7,0,8,11
6,3,8,3
7,0,7,1
50,2,8,8
167,6,8,6
7,0,7,18
6,1,8,3
7,0,7,11
7,0,8,11
7,0,8,11
140,5,7,4
153,0,7,11
7,0,8,18
138,0,7,19
132,4,7,16
158,4,9,10
7,0,8,11
99,0,9,18
8,0,7,8
7,0,8,11
7,0,8,11
117,1,7,18
7,0,8,15
79,5,9,10
